[
  {
    "Время": "8:00 - 9:30",
    "Номер пары": 1,
    "Участники": {},
    "День и Неделя": {
      "Идентификатор": 1,
      "День": "Пн",
      "Неделя": "Четная"
    }
  },
  {
    "Время": "9:45 - 11:15",
    "Предмет": "Проектирование ИС и баз данных",
    "Тип занятия": "Лаб",
    "Аудитория": "1-330",
    "Номер пары": 2,
    "Участники": {
      "Преподаватель": "Тихонова Н.А.",
      "Группа": "20М",
      "Подгруппа": 1
    },
    "День и Неделя": {
      "Идентификатор": 2,
      "День": "Пн",
      "Неделя": "Четная"
    }
  },
  {
    "Время": "11:30 - 13:00",
    "Номер пары": 3,
    "Участники": {},
    "День и Неделя": {
      "Идентификатор": 3,
      "День": "Пн",
      "Неделя": "Четная"
    }
  },
  {
    "Время": "13:55 - 15:25",
    "Предмет": "ООП",
    "Тип занятия": "Лаб",
    "Аудитория": "1-326",
    "Номер пары": 4,
    "Участники": {
      "Преподаватель": "Альтман Е.А.",
      "Группа": "20М",
      "Подгруппа": 1
    },
    "День и Неделя": {
      "Идентификатор": 4,
      "День": "Пн",
      "Неделя": "Четная"
    }
  },
  {
    "Время": "15:40 - 17:10",
    "Предмет": "ООП",
    "Тип занятия": "Лаб",
    "Аудитория": "1-326",
    "Номер пары": 5,
    "Участники": {
      "Преподаватель": "Альтман Е.А.",
      "Группа": "20М",
      "Подгруппа": 2
    },
    "День и Неделя": {
      "Идентификатор": 5,
      "День": "Пн",
      "Неделя": "Четная"
    }
  },
  {
    "Время": "8:00 - 9:30",
    "Предмет": "Проектирование ИС и баз данных",
    "Тип занятия": "Лек",
    "Аудитория": "1-326",
    "Номер пары": 1,
    "Участники": {
      "Преподаватель": "Тихонова Н.А",
      "Группа": "20М"
    },
    "День и Неделя": {
      "Идентификатор": 6,
      "День": "Вт",
      "Неделя": "Четная"
    }
  },
  {
    "Время": "9:45 - 11:15",
    "Предмет": "ТОАПС",
    "Тип занятия": "КСР",
    "Аудитория": "1-325",
    "Номер пары": 2,
    "Участники": {
      "Преподаватель": "Смалев А.Н.",
      "Группа": "20М"
    },
    "День и Неделя": {
      "Идентификатор": 7,
      "День": "Вт",
      "Неделя": "Четная"
    }
  },
  {
    "Время": "11:30 - 13:00",
    "Предмет": "Физкультура",
    "Номер пары": 3,
    "Участники": {
      "Преподаватель": "",
      "Группа": "20М"
    },
    "День и Неделя": {
      "Идентификатор": 8,
      "День": "Вт",
      "Неделя": "Четная"
    }
  },
  {
    "Время": "13:55 - 15:25",
    "Предмет": "Математика",
    "Тип занятия": "Лек",
    "Аудитория": "4-406",
    "Номер пары": 4,
    "Участники": {
      "Преподаватель": "Рубанова Н.А.",
      "Группа": "20М"
    },
    "День и Неделя": {
      "Идентификатор": 9,
      "День": "Вт",
      "Неделя": "Четная"
    }
  },
  {
    "Время": "15:40 - 17:10",
    "Номер пары": 5,
    "Участники": {},
    "День и Неделя": {
      "Идентификатор": 10,
      "День": "Вт",
      "Неделя": "Четная"
    }
  },
  {
    "Время": "8:00 - 9:30",
    "Номер пары": 1,
    "Участники": {},
    "День и Неделя": {
      "Идентификатор": 11,
      "День": "Ср",
      "Неделя": "Четная"
    }
  },
  {
    "Время": "9:45 - 11:15",
    "Предмет": "Схемотехника",
    "Тип занятия": "Лек",
    "Аудитория": "1-210",
    "Номер пары": 2,
    "Участники": {
      "Преподаватель": "Циркин В.С.",
      "Группа": "20М"
    },
    "День и Неделя": {
      "Идентификатор": 12,
      "День": "Ср",
      "Неделя": "Четная"
    }
  },
  {
    "Время": "11:30 - 13:00",
    "Предмет": "Метрология",
    "Тип занятия": "КСР",
    "Аудитория": "1-406",
    "Номер пары": 3,
    "Участники": {
      "Преподаватель": "Пашкова Н.В.",
      "Группа": "20М"
    },
    "День и Неделя": {
      "Идентификатор": 13,
      "День": "Ср",
      "Неделя": "Четная"
    }
  },
  {
    "Время": "13:55 - 15:25",
    "Номер пары": 4,
    "Участники": {},
    "День и Неделя": {
      "Идентификатор": 14,
      "День": "Ср",
      "Неделя": "Четная"
    }
  },
  {
    "Время": "15:40 - 17:10",
    "Номер пары": 5,
    "Участники": {},
    "День и Неделя": {
      "Идентификатор": 15,
      "День": "Ср",
      "Неделя": "Четная"
    }
  },
  {
    "Время": "8:00 - 9:30",
    "Предмет": "Метрология",
    "Тип занятия": "Лаб",
    "Аудитория": "1-353",
    "Номер пары": 1,
    "Участники": {
      "Преподаватель": "Пашкова Н.В.",
      "Группа": "20М"
    },
    "День и Неделя": {
      "Идентификатор": 16,
      "День": "Чт",
      "Неделя": "Четная"
    }
  },
  {
    "Время": "9:45 - 11:15",
    "Предмет": "Математика",
    "Тип занятия": "Пр",
    "Аудитория": "4-414",
    "Номер пары": 2,
    "Участники": {
      "Преподаватель": "Рубанова Н.А.",
      "Группа": "20М"
    },
    "День и Неделя": {
      "Идентификатор": 17,
      "День": "Чт",
      "Неделя": "Четная"
    }
  },
  {
    "Время": "11:30 - 13:00",
    "Предмет": "ООП",
    "Тип занятия": "Лек",
    "Аудитория": "1-210",
    "Номер пары": 3,
    "Участники": {
      "Преподаватель": "Альтман Е.А.",
      "Группа": "20М"
    },
    "День и Неделя": {
      "Идентификатор": 18,
      "День": "Чт",
      "Неделя": "Четная"
    }
  },
  {
    "Время": "13:55 - 15:25",
    "Предмет": "Экономика",
    "Тип занятия": "Лек",
    "Аудитория": "1-420",
    "Номер пары": 4,
    "Участники": {
      "Преподаватель": "Севастьянова Е.В.",
      "Группа": "20М"
    },
    "День и Неделя": {
      "Идентификатор": 19,
      "День": "Чт",
      "Неделя": "Четная"
    }
  },
  {
    "Время": "15:40 - 17:10",
    "Предмет": "ТОАПС",
    "Тип занятия": "Лаб",
    "Аудитория": "1-325",
    "Номер пары": 5,
    "Участники": {
      "Преподаватель": "Смалев А.Н.",
      "Группа": "20М",
      "Подгруппа": 1
    },
    "День и Неделя": {
      "Идентификатор": 20,
      "День": "Чт",
      "Неделя": "Четная"
    }
  },
  {
    "Время": "8:00 - 9:30",
    "Предмет": "Проектирование ИС и баз данных",
    "Тип занятия": "Лаб",
    "Аудитория": "1-330",
    "Номер пары": 1,
    "Участники": {
      "Преподаватель": "Тихонова Н.А.",
      "Группа": "20М",
      "Подгруппа": 2
    },
    "День и Неделя": {
      "Идентификатор": 21,
      "День": "Пт",
      "Неделя": "Четная"
    }
  },
  {
    "Время": "9:45 - 11:15",
    "Предмет": "Метрология",
    "Тип занятия": "Лек",
    "Аудитория": "1-460",
    "Номер пары": 2,
    "Участники": {
      "Преподаватель": "Пашкова Н.В.",
      "Группа": "20М"
    },
    "День и Неделя": {
      "Идентификатор": 22,
      "День": "Пт",
      "Неделя": "Четная"
    }
  },
  {
    "Время": "11:30 - 13:00",
    "Предмет": "Физкультура",
    "Номер пары": 3,
    "Участники": {
      "Преподаватель": "",
      "Группа": "20М"
    },
    "День и Неделя": {
      "Идентификатор": 23,
      "День": "Пт",
      "Неделя": "Четная"
    }
  },
  {
    "Время": "13:55 - 15:25",
    "Предмет": "БЖ",
    "Тип занятия": "Лаб",
    "Аудитория": "3-504,505",
    "Номер пары": 4,
    "Участники": {
      "Преподаватель": "Мусаткина Б.В., Игнатов О.В.",
      "Группа": "20М"
    },
    "День и Неделя": {
      "Идентификатор": 24,
      "День": "Пт",
      "Неделя": "Четная"
    }
  },
  {
    "Время": "15:40 - 17:10",
    "Предмет": "ТОАПС",
    "Тип занятия": "Лаб",
    "Аудитория": "1-325",
    "Номер пары": 5,
    "Участники": {
      "Преподаватель": "Смалев А.Н.",
      "Группа": "20М",
      "Подгруппа": 2
    },
    "День и Неделя": {
      "Идентификатор": 25,
      "День": "Пт",
      "Неделя": "Четная"
    }
  },
  {
    "Время": "8:00 - 9:30",
    "Номер пары": 1,
    "Участники": {},
    "День и Неделя": {
      "Идентификатор": 26,
      "День": "Сб",
      "Неделя": "Четная"
    }
  },
  {
    "Время": "9:45 - 11:15",
    "Номер пары": 2,
    "Участники": {},
    "День и Неделя": {
      "Идентификатор": 27,
      "День": "Сб",
      "Неделя": "Четная"
    }
  },
  {
    "Время": "11:30 - 13:00",
    "Предмет": "ТОАПС",
    "Тип занятия": "Лек",
    "Аудитория": "1-112",
    "Номер пары": 3,
    "Участники": {
      "Преподаватель": "Окишев А.С.",
      "Группа": "20М"
    },
    "День и Неделя": {
      "Идентификатор": 28,
      "День": "Сб",
      "Неделя": "Четная"
    }
  },
  {
    "Время": "13:55 - 15:25",
    "Предмет": "ООП",
    "Тип занятия": "КСР",
    "Аудитория": "1-326",
    "Номер пары": 4,
    "Участники": {
      "Преподаватель": "Альтман Е.А.",
      "Группа": "20М"
    },
    "День и Неделя": {
      "Идентификатор": 29,
      "День": "Сб",
      "Неделя": "Четная"
    }
  },
  {
    "Время": "15:40 - 17:10",
    "Номер пары": 5,
    "Участники": {},
    "День и Неделя": {
      "Идентификатор": 30,
      "День": "Сб",
      "Неделя": "Четная"
    }
  },
  {
    "Время": "8:00 - 9:30",
    "Предмет": "Экономика",
    "Тип занятия": "Пр",
    "Аудитория": "1-432",
    "Номер пары": 1,
    "Участники": {
      "Преподаватель": "Севастьянова Е.В.",
      "Группа": "20М"
    },
    "День и Неделя": {
      "Идентификатор": 31,
      "День": "Пн",
      "Неделя": "Нечетная"
    }
  },
  {
    "Время": "9:45 - 11:15",
    "Предмет": "ТОАПС",
    "Тип занятия": "Лаб",
    "Аудитория": "1-325",
    "Номер пары": 2,
    "Участники": {
      "Преподаватель": "Смалев А.Н.",
      "Группа": "20М"
    },
    "День и Неделя": {
      "Идентификатор": 32,
      "День": "Пн",
      "Неделя": "Нечетная"
    }
  },
  {
    "Время": "11:30 - 13:00",
    "Предмет": "Схемотехника",
    "Тип занятия": "Лаб",
    "Аудитория": "1-322",
    "Номер пары": 3,
    "Участники": {
      "Преподаватель": "Циркин В.С.",
      "Группа": "20М"
    },
    "День и Неделя": {
      "Идентификатор": 33,
      "День": "Пн",
      "Неделя": "Нечетная"
    }
  },
  {
    "Время": "13:55 - 15:25",
    "Номер пары": 4,
    "Участники": {},
    "День и Неделя": {
      "Идентификатор": 34,
      "День": "Пн",
      "Неделя": "Нечетная"
    }
  },
  {
    "Время": "15:40 - 17:10",
    "Номер пары": 5,
    "Участники": {},
    "День и Неделя": {
      "Идентификатор": 35,
      "День": "Пн",
      "Неделя": "Нечетная"
    }
  },
  {
    "Время": "8:00 - 9:30",
    "Номер пары": 1,
    "Участники": {},
    "День и Неделя": {
      "Идентификатор": 36,
      "День": "Вт",
      "Неделя": "Нечетная"
    }
  },
  {
    "Время": "9:45 - 11:15",
    "Предмет": "Математика",
    "Тип занятия": "КСР",
    "Аудитория": "4-412",
    "Номер пары": 2,
    "Участники": {
      "Преподаватель": "Рубанова Н.А.",
      "Группа": "20М"
    },
    "День и Неделя": {
      "Идентификатор": 37,
      "День": "Вт",
      "Неделя": "Нечетная"
    }
  },
  {
    "Время": "11:30 - 13:00",
    "Предмет": "Физкультура",
    "Номер пары": 3,
    "Участники": {
      "Преподаватель": "",
      "Группа": "20М"
    },
    "День и Неделя": {
      "Идентификатор": 38,
      "День": "Вт",
      "Неделя": "Нечетная"
    }
  },
  {
    "Время": "13:55 - 15:25",
    "Предмет": "Математика",
    "Тип занятия": "Лек",
    "Аудитория": "4-406",
    "Номер пары": 4,
    "Участники": {
      "Преподаватель": "Рубанова Н.А.",
      "Группа": "20М"
    },
    "День и Неделя": {
      "Идентификатор": 39,
      "День": "Вт",
      "Неделя": "Нечетная"
    }
  },
  {
    "Время": "15:40 - 17:10",
    "Предмет": "Экономика",
    "Тип занятия": "Лек",
    "Аудитория": "1-420",
    "Номер пары": 5,
    "Участники": {
      "Преподаватель": "Севастьянова Е.В.",
      "Группа": "20М"
    },
    "День и Неделя": {
      "Идентификатор": 40,
      "День": "Вт",
      "Неделя": "Нечетная"
    }
  },
  {
    "Время": "8:00 - 9:30",
    "Номер пары": 1,
    "Участники": {},
    "День и Неделя": {
      "Идентификатор": 41,
      "День": "Ср",
      "Неделя": "Нечетная"
    }
  },
  {
    "Время": "9:45 - 11:15",
    "Предмет": "Схемотехника",
    "Тип занятия": "Лек",
    "Аудитория": "1-210",
    "Номер пары": 2,
    "Участники": {
      "Преподаватель": "Циркин В.С.",
      "Группа": "20М"
    },
    "День и Неделя": {
      "Идентификатор": 42,
      "День": "Ср",
      "Неделя": "Нечетная"
    }
  },
  {
    "Время": "11:30 - 13:00",
    "Предмет": "Проектирование ИС и баз данных",
    "Тип занятия": "Лек",
    "Аудитория": "1-112",
    "Номер пары": 3,
    "Участники": {
      "Преподаватель": "Тихонова Н.А.",
      "Группа": "20М"
    },
    "День и Неделя": {
      "Идентификатор": 43,
      "День": "Ср",
      "Неделя": "Нечетная"
    }
  },
  {
    "Время": "13:55 - 15:25",
    "Предмет": "ООП",
    "Тип занятия": "Лаб",
    "Аудитория": "1-326",
    "Номер пары": 4,
    "Участники": {
      "Преподаватель": "Альтман Е.А.",
      "Группа": "20М",
      "Подгруппа": 1
    },
    "День и Неделя": {
      "Идентификатор": 44,
      "День": "Ср",
      "Неделя": "Нечетная"
    }
  },
  {
    "Время": "15:40 - 17:10",
    "Предмет": "Проектирование ИС и баз данных",
    "Тип занятия": "Лаб",
    "Аудитория": "1-330",
    "Номер пары": 5,
    "Участники": {
      "Преподаватель": "Тихонова Н.А.",
      "Группа": "20М",
      "Подгруппа": 1
    },
    "День и Неделя": {
      "Идентификатор": 45,
      "День": "Ср",
      "Неделя": "Нечетная"
    }
  },
  {
    "Время": "8:00 - 9:30",
    "Предмет": "ООП",
    "Тип занятия": "Лаб",
    "Аудитория": "1-322",
    "Номер пары": 1,
    "Участники": {
      "Преподаватель": "Альтман Е.А.",
      "Группа": "20М",
      "Подгруппа": 2
    },
    "День и Неделя": {
      "Идентификатор": 46,
      "День": "Чт",
      "Неделя": "Нечетная"
    }
  },
  {
    "Время": "9:45 - 11:15",
    "Предмет": "Математика",
    "Тип занятия": "Пр",
    "Аудитория": "4-414",
    "Номер пары": 2,
    "Участники": {
      "Преподаватель": "Рубанова Н.А.",
      "Группа": "20М"
    },
    "День и Неделя": {
      "Идентификатор": 47,
      "День": "Чт",
      "Неделя": "Нечетная"
    }
  },
  {
    "Время": "11:30 - 13:00",
    "Предмет": "ООП",
    "Тип занятия": "Лек",
    "Аудитория": "1-350",
    "Номер пары": 3,
    "Участники": {
      "Преподаватель": "Альтман Е.А.",
      "Группа": "20М"
    },
    "День и Неделя": {
      "Идентификатор": 48,
      "День": "Чт",
      "Неделя": "Нечетная"
    }
  },
  {
    "Время": "13:55 - 15:25",
    "Предмет": "Метрология",
    "Тип занятия": "Пр",
    "Аудитория": "1-355",
    "Номер пары": 4,
    "Участники": {
      "Преподаватель": "Пашкова Н.В.",
      "Группа": "20М"
    },
    "День и Неделя": {
      "Идентификатор": 49,
      "День": "Чт",
      "Неделя": "Нечетная"
    }
  },
  {
    "Время": "15:40 - 17:10",
    "Предмет": "Проектирование ИС и баз данных",
    "Тип занятия": "Лаб",
    "Аудитория": "1-330",
    "Номер пары": 5,
    "Участники": {
      "Преподаватель": "Тихонова Н.А.",
      "Группа": "20М",
      "Подгруппа": 2
    },
    "День и Неделя": {
      "Идентификатор": 50,
      "День": "Чт",
      "Неделя": "Нечетная"
    }
  },
  {
    "Время": "8:00 - 9:30",
    "Номер пары": 1,
    "Участники": {},
    "День и Неделя": {
      "Идентификатор": 51,
      "День": "Пт",
      "Неделя": "Нечетная"
    }
  },
  {
    "Время": "9:45 - 11:15",
    "Предмет": "Метрология",
    "Тип занятия": "Лек",
    "Аудитория": "1-350",
    "Номер пары": 2,
    "Участники": {
      "Преподаватель": "Пашкова Н.В.",
      "Группа": "20М"
    },
    "День и Неделя": {
      "Идентификатор": 52,
      "День": "Пт",
      "Неделя": "Нечетная"
    }
  },
  {
    "Время": "11:30 - 13:00",
    "Предмет": "Физкультура",
    "Номер пары": 3,
    "Участники": {
      "Преподаватель": "",
      "Группа": "20М"
    },
    "День и Неделя": {
      "Идентификатор": 53,
      "День": "Пт",
      "Неделя": "Нечетная"
    }
  },
  {
    "Время": "13:55 - 15:25",
    "Предмет": "БЖ",
    "Тип занятия": "Лек",
    "Аудитория": "3-505",
    "Номер пары": 4,
    "Участники": {
      "Преподаватель": "Мусаткина Б.В",
      "Группа": "20М"
    },
    "День и Неделя": {
      "Идентификатор": 54,
      "День": "Пт",
      "Неделя": "Нечетная"
    }
  },
  {
    "Время": "15:40 - 17:10",
    "Предмет": "Экономика",
    "Тип занятия": "КСР",
    "Аудитория": "1-422",
    "Номер пары": 5,
    "Участники": {
      "Преподаватель": "Севастьянова Е.В.",
      "Группа": "20М"
    },
    "День и Неделя": {
      "Идентификатор": 55,
      "День": "Пт",
      "Неделя": "Нечетная"
    }
  },
  {
    "Время": "8:00 - 9:30",
    "Номер пары": 1,
    "Участники": {},
    "День и Неделя": {
      "Идентификатор": 56,
      "День": "Сб",
      "Неделя": "Нечетная"
    }
  },
  {
    "Время": "9:45 - 11:15",
    "Предмет": "ООП",
    "Тип занятия": "КРБ",
    "Аудитория": "1-325",
    "Номер пары": 2,
    "Участники": {
      "Преподаватель": "Альтман Е.А.",
      "Группа": "20М"
    },
    "День и Неделя": {
      "Идентификатор": 57,
      "День": "Сб",
      "Неделя": "Нечетная"
    }
  },
  {
    "Время": "11:30 - 13:00",
    "Предмет": "ТОАПС",
    "Тип занятия": "Лек",
    "Аудитория": "1-112",
    "Номер пары": 3,
    "Участники": {
      "Преподаватель": "Окишев А.С.",
      "Группа": "20М"
    },
    "День и Неделя": {
      "Идентификатор": 58,
      "День": "Сб",
      "Неделя": "Нечетная"
    }
  },
  {
    "Время": "13:55 - 15:25",
    "Номер пары": 4,
    "Участники": {},
    "День и Неделя": {
      "Идентификатор": 59,
      "День": "Сб",
      "Неделя": "Нечетная"
    }
  },
  {
    "Время": "15:40 - 17:10",
    "Номер пары": 5,
    "Участники": {},
    "День и Неделя": {
      "Идентификатор": 60,
      "День": "Сб",
      "Неделя": "Нечетная"
    }
  }
]